{
  "dataStudio": {
    "name": "npm Downloads - Build Guide",
    "logoUrl": "https://raw.githubusercontent.com/npm/logos/master/%22npm%22%20lockup/npm-logo-simplifed-with-white-space.png",
    "company": "Build Guide User",
    "companyUrl": "https://developers.google.com/datastudio/",
    "addonUrl": "https://github.com/google/datastudio/tree/master/community-connectors/npm-downloads",
    "supportUrl": "https://github.com/google/datastudio/issues",
    "description": "Get npm package download counts.",
    "sources": ["npm"]
  }
}